Year,Make,Model,Variant,Kilometers Driven,Fuel Type,Owner,Price,EMI
2017,Maruti,Baleno,ZETA CVT PETROL 1.2,"1,12,062 km",Petrol,1st owner,582000,"EMI ₹12,951/m"
2023,Maruti,Grand,Vitara DELTA SMART HYBRID,"28,842 km",Petrol,1st owner,1210000,"EMI ₹23,031/m"
2022,Maruti,Ertiga,VXI AT SHVS,"35,378 km",Petrol,1st owner,1034000,"EMI ₹19,681/m"
2017,Ford,Ecosport,TITANIUM 1.5L DIESEL,"93,259 km",Diesel,1st owner,661000,"EMI ₹12,923/m"
2016,Maruti,Vitara,Brezza ZDI,"76,173 km",Diesel,1st owner,762000,"EMI ₹14,902/m"
2022,Mahindra,XUV700,AX 5 D MT 5 STR,"29,358 km",Diesel,1st owner,1760000,"EMI ₹33,500/m"
2017,Hyundai,Elite,i20 ASTA 1.2 DUAL TONE,"79,690 km",Petrol,1st owner,636000,"EMI ₹12,442/m"
2016,Maruti,Swift,ZXI,"77,053 km",Petrol,1st owner,518000,"EMI ₹10,127/m"
2017,Maruti,Swift,VXI,"25,847 km",Petrol,2nd owner,545000,"EMI ₹10,655/m"
2019,Honda,Amaze,1.2L I-VTEC VX,"37,615 km",Petrol,1st owner,695000,"EMI ₹13,591/m"
2020,Ford,Ecosport,TITANIUM 1.5 SPORTS(SUNROOF) PETROL,"60,856 km",Petrol,1st owner,1013000,"EMI ₹19,275/m"
2020,Tata,NEXON,XZA PLUS PETROL,"32,729 km",Petrol,1st owner,872000,"EMI ₹16,598/m"
2020,Tata,NEXON,XZ PLUS PETROL,"75,042 km",Petrol,1st owner,793000,"EMI ₹15,499/m"
2019,Hyundai,NEW,SANTRO ERA EXECUTIVE,"52,881 km",Petrol,1st owner,428000,"EMI ₹8,358/m"
2018,Maruti,Baleno,ZETA CVT PETROL 1.2,"62,129 km",Petrol,1st owner,619000,"EMI ₹12,102/m"
2017,Honda,WR-V,1.5L I-DTEC VX MT,"97,807 km",Diesel,1st owner,725000,"EMI ₹14,168/m"
2016,Hyundai,Elite,i20 SPORTZ 1.2,"89,807 km",Petrol,1st owner,542000,"EMI ₹10,596/m"
2022,Renault,Kwid,CLIMBER AMT 1.0,"25,787 km",Petrol,1st owner,525000,"EMI ₹10,264/m"
2022,Volkswagen,TAIGUN,GT PLUS 1.5 TSI DSG,"46,791 km",Petrol,1st owner,1536000,"EMI ₹29,236/m"
2019,KIA,SELTOS,GTX PLUS DCT 1.4 PETROL,"73,142 km",Petrol,1st owner,1217000,"EMI ₹23,164/m"
2021,Maruti,Baleno,ZETA PETROL 1.2,"46,568 km",Petrol,1st owner,731000,"EMI ₹14,291/m"
2018,Maruti,Baleno,ZETA PETROL 1.2,"60,099 km",Petrol,1st owner,630000,"EMI ₹12,323/m"
2021,MG,HECTOR,SHARP 1.5 PETROL CVT,"53,405 km",Petrol,1st owner,1539000,"EMI ₹29,301/m"
2021,Maruti,Celerio,ZXI PLUS AGS,"3,760 km",Petrol,2nd owner,630000,"EMI ₹12,326/m"
2023,Maruti,Alto,K10 VXI PLUS AMT,"15,262 km",Petrol,1st owner,559000,"EMI ₹10,929/m"
2017,Maruti,IGNIS,ZETA 1.2,"52,488 km",Petrol,1st owner,478000,"EMI ₹9,345/m"
2018,Maruti,IGNIS,ALPHA 1.2,"35,090 km",Petrol,1st owner,501000,"EMI ₹9,795/m"
2015,Hyundai,Grand,i10 ASTA 1.2 KAPPA VTVT,"82,452 km",Petrol,1st owner,420000,"EMI ₹8,217/m"
2021,Nissan,MAGNITE,XL TURBO,"33,387 km",Petrol,1st owner,632000,"EMI ₹12,356/m"
2017,Renault,Kwid,1.0 RXT 02 Anniversary Edition,"73,365 km",Petrol,1st owner,267000,"EMI ₹5,220/m"
2020,Tata,Tiago,XE PETROL,"57,810 km",Petrol,1st owner,470000,"EMI ₹9,189/m"
2015,Hyundai,i20,Active 1.2 SX,"38,799 km",Petrol,1st owner,579000,"EMI ₹11,322/m"
2012,Maruti,Swift,VDI,"62,829 km",Diesel,2nd owner,342000,"EMI ₹16,099/m"
2023,KIA,SELTOS,HTK 1.5 PETROL,"4,607 km",Petrol,1st owner,1186000,"EMI ₹22,574/m"
2021,Hyundai,NEW,I20 MAGNA 1.2 MT,"33,267 km",Petrol,1st owner,665000,"EMI ₹13,001/m"
2017,Tata,Tiago,XZA PETROL,"86,495 km",Petrol,2nd owner,430999,"EMI ₹8,426/m"
2018,Maruti,Swift,ZXI PLUS AMT,"49,261 km",Petrol,1st owner,634000,"EMI ₹12,404/m"
2018,Hyundai,Elite,i20 ASTA 1.2 (O),"71,312 km",Petrol,1st owner,673000,"EMI ₹13,157/m"
2021,Maruti,Dzire,ZXI,"39,678 km",Petrol,1st owner,785000,"EMI ₹15,343/m"
2023,Maruti,BREZZA,ZXI SMART HYBRID,"22,737 km",Petrol,1st owner,1133000,"EMI ₹21,566/m"
2018,Hyundai,i20,Active 1.2 S,"36,860 km",Petrol,1st owner,677000,"EMI ₹13,226/m"
2016,Honda,City,1.5L I-VTEC SV CVT,"31,972 km",Petrol,1st owner,642000,"EMI ₹12,554/m"
2022,Renault,Kwid,RXL 1.0 (O),"39,385 km",Petrol,1st owner,400000,"EMI ₹7,820/m"
2020,Honda,City,1.5L I-VTEC ZX CVT,"29,835 km",Petrol,1st owner,1155000,"EMI ₹21,984/m"
2012,Maruti,Ritz,VXI,"42,582 km",Petrol,1st owner,279000,"EMI ₹9,267/m"
2021,Mahindra,Thar,LX P 4WD AT CONVERTIBLE,"32,709 km",Petrol,2nd owner,1319000,"EMI ₹25,106/m"
2017,Maruti,Dzire,VDI AMT,"77,742 km",Diesel,1st owner,612000,"EMI ₹11,965/m"
2018,Tata,Tiago,XZ PETROL,"63,258 km",Petrol,1st owner,470000,"EMI ₹9,189/m"
2019,Tata,Tiago,XT PETROL,"95,660 km",Petrol,1st owner,428000,"EMI ₹8,363/m"
2017,Hyundai,Elite,i20 SPORTZ 1.2,"91,444 km",Petrol,2nd owner,540000,"EMI ₹10,557/m"
2018,Datsun,Redi,Go T (O),"1,08,870 km",Petrol,2nd owner,249000,"EMI ₹5,544/m"
2016,Maruti,Swift,Dzire VXI (O),"34,781 km",Petrol,1st owner,494000,"EMI ₹9,663/m"
2021,Hyundai,Creta,SX (O) 1.4 TURBO DCT,"46,110 km",Petrol,1st owner,1535000,"EMI ₹29,217/m"
2019,Maruti,Dzire,VXI AMT,"41,666 km",Petrol,1st owner,629000,"EMI ₹12,297/m"
2018,Honda,City,1.5L I-DTEC V,"76,508 km",Diesel,1st owner,791000,"EMI ₹15,460/m"
2017,Maruti,Dzire,VDI AMT,"95,453 km",Diesel,1st owner,584000,"EMI ₹11,417/m"
2021,Skoda,KUSHAQ,STYLE 1.0L TSI MT,"36,691 km",Petrol,1st owner,1354000,"EMI ₹25,772/m"
2017,Maruti,Swift,VXI,"63,852 km",Petrol,1st owner,528000,"EMI ₹10,319/m"
2019,Honda,Amaze,1.2L I-VTEC S CVT,"55,918 km",Petrol,1st owner,623000,"EMI ₹12,185/m"
2022,Maruti,BREZZA,ZXI SMART HYBRID,"23,690 km",Petrol,1st owner,1049000,"EMI ₹19,968/m"
2021,Hyundai,VENUE,S 1.0 TURBO IMT,"52,710 km",Petrol,1st owner,824000,"EMI ₹15,684/m"
2016,Honda,Brio,S MT,"55,340 km",Petrol,2nd owner,400000,"EMI ₹7,821/m"
2018,Ford,FREESTYLE,TREND 1.2 PETROL,"60,679 km",Petrol,1st owner,553000,"EMI ₹10,812/m"
2013,Maruti,Ritz,ZDI,"82,552 km",Diesel,1st owner,353000,"EMI ₹11,725/m"
2021,Hyundai,NEW,SANTRO ERA EXECUTIVE,"17,789 km",Petrol,1st owner,475000,"EMI ₹9,286/m"
2019,Honda,Civic,1.8L I-VTEC ZX CVT,"87,192 km",Petrol,2nd owner,1393000,"EMI ₹26,514/m"
2021,Renault,Kwid,RXL,"45,901 km",Petrol,1st owner,377000,"EMI ₹7,370/m"
2017,Maruti,Alto,800 LXI,"47,179 km",Petrol,1st owner,270000,"EMI ₹5,279/m"
2018,Ford,Ecosport,TITANIUM 1.5L PETROL,"57,427 km",Petrol,2nd owner,713000,"EMI ₹13,944/m"
2018,Maruti,Swift,ZXI AMT,"76,836 km",Petrol,1st owner,622000,"EMI ₹12,160/m"
2020,MG,HECTOR,SHARP 1.5 DCT PETROL,"55,007 km",Petrol,2nd owner,1487000,"EMI ₹28,299/m"
2017,Hyundai,Creta,SX PLUS 1.6 PETROL,"26,225 km",Petrol,1st owner,914000,"EMI ₹17,397/m"
2020,Maruti,Baleno,DELTA PETROL 1.2,"61,979 km",Petrol,1st owner,613000,"EMI ₹11,984/m"
2021,Tata,TIGOR,XE PETROL,"47,778 km",Petrol,1st owner,540000,"EMI ₹10,557/m"
2022,Maruti,XL6,ZETA AT,"41,145 km",Petrol,1st owner,1142000,"EMI ₹21,737/m"
2015,Hyundai,Xcent,S 1.2,"35,155 km",Petrol,2nd owner,395000,"EMI ₹7,722/m"
2021,Mahindra,Thar,LX D 4WD AT CONVERTIBLE,"24,914 km",Diesel,2nd owner,1332000,"EMI ₹25,353/m"
2018,Maruti,Baleno,ALPHA CVT PETROL 1.2,"43,363 km",Petrol,1st owner,666000,"EMI ₹13,023/m"
2018,Maruti,Celerio,ZXI (O),"99,649 km",Petrol,1st owner,415000,"EMI ₹8,106/m"
2017,Hyundai,Elite,i20 SPORTZ 1.2,"73,900 km",Petrol,1st owner,585000,"EMI ₹11,437/m"
2017,Honda,BR-V,1.5L I-VTEC E,"1,23,292 km",Petrol,1st owner,588000,"EMI ₹13,080/m"
2014,Honda,City,1.5L I-VTEC SV,"98,960 km",Petrol,2nd owner,462000,"EMI ₹10,277/m"
2021,Hyundai,VENUE,S 1.0 TURBO IMT,"33,023 km",Petrol,1st owner,848000,"EMI ₹16,141/m"
2022,KIA,SELTOS,GTX PLUS 1.4,"19,141 km",Petrol,1st owner,1565000,"EMI ₹29,788/m"
2018,Honda,City,1.5L I-VTEC V MT,"98,990 km",Petrol,1st owner,734000,"EMI ₹14,350/m"
2022,Maruti,Dzire,VXI AMT,"52,707 km",Petrol,2nd owner,706000,"EMI ₹13,801/m"
2021,Maruti,Alto,VXI,"45,381 km",Petrol,1st owner,358000,"EMI ₹6,996/m"
2015,Maruti,Swift,VDI ABS,"90,513 km",Diesel,1st owner,501000,"EMI ₹11,144/m"
2016,Hyundai,Elite,i20 ASTA 1.2,"77,521 km",Petrol,2nd owner,556000,"EMI ₹10,870/m"
2015,Honda,City,1.5L I-DTEC V,"95,906 km",Diesel,2nd owner,504000,"EMI ₹11,211/m"
2019,MG,HECTOR,STYLE 1.5 PETROL,"37,073 km",Petrol,1st owner,1179000,"EMI ₹22,441/m"
2019,KIA,SELTOS,HTX IVT 1.5 PETROL,"36,514 km",Petrol,1st owner,1171000,"EMI ₹22,289/m"
2022,Skoda,KUSHAQ,STYLE 1.0L TSI AT (6 AIRBAGS),"20,096 km",Petrol,1st owner,1400000,"EMI ₹26,648/m"
2018,Maruti,Celerio,X ZXI AMT,"14,350 km",Petrol,1st owner,494000,"EMI ₹9,660/m"
2017,Hyundai,Creta,SX PLUS 1.6 PETROL,"92,227 km",Petrol,1st owner,863000,"EMI ₹16,426/m"
2017,Honda,Jazz,1.2L I-VTEC SV,"59,005 km",Petrol,1st owner,512000,"EMI ₹10,010/m"
2023,Tata,NEXON,XZA PLUS PETROL,"27,320 km",Petrol,1st owner,1027000,"EMI ₹19,548/m"
2019,KIA,SELTOS,GTK 1.4 PETROL,"34,598 km",Petrol,2nd owner,1079000,"EMI ₹20,538/m"
2019,Hyundai,NEW,SANTRO SPORTZ AMT,"66,791 km",Petrol,2nd owner,454000,"EMI ₹8,878/m"
2016,Renault,Duster,110 PS RXZ 4X2 AMT DIESEL,"93,820 km",Diesel,1st owner,621000,"EMI ₹12,141/m"
2020,Tata,TIGOR,XZ PLUS PETROL,"49,158 km",Petrol,1st owner,641000,"EMI ₹12,532/m"
2018,Honda,WR-V,1.2L I-VTEC VX MT,"95,683 km",Petrol,1st owner,661000,"EMI ₹12,923/m"
2017,Hyundai,Grand,i10 SPORTZ 1.2 KAPPA VTVT,"40,393 km",Petrol,1st owner,480000,"EMI ₹9,384/m"
2019,Skoda,Rapid,STYLE 1.6 MPI,"42,889 km",Petrol,1st owner,877999,"EMI ₹16,712/m"
2022,Maruti,Ciaz,ALPHA 1.5 SHVS PETROL,"23,327 km",Petrol,1st owner,955000,"EMI ₹18,178/m"
2020,Mahindra,XUV500,W7,"94,607 km",Diesel,1st owner,1201000,"EMI ₹22,860/m"
2021,Renault,Kwid,CLIMBER 1.0 AMT (O),"45,079 km",Petrol,1st owner,440000,"EMI ₹8,602/m"
2021,Maruti,Dzire,VXI AMT,"49,950 km",Petrol,1st owner,734000,"EMI ₹14,350/m"
2017,Hyundai,i20,Active 1.2 SX,"95,737 km",Petrol,2nd owner,515000,"EMI ₹10,068/m"
2016,Hyundai,Elite,i20 ASTA 1.4 CRDI,"1,23,588 km",Diesel,1st owner,585000,"EMI ₹13,013/m"
2020,Maruti,Celerio,VXI (O),"28,358 km",Petrol,1st owner,446000,"EMI ₹8,719/m"
2019,Skoda,Rapid,STYLE 1.6 MPI,"81,413 km",Petrol,2nd owner,810000,"EMI ₹15,418/m"
2017,Maruti,IGNIS,DELTA 1.2,"85,098 km",Petrol,1st owner,405999,"EMI ₹7,937/m"
2021,Renault,Kwid,RXT 1.0 (O),"50,141 km",Petrol,2nd owner,392000,"EMI ₹7,664/m"
2021,Tata,Tiago,XZA PLUS PETROL,"42,083 km",Petrol,1st owner,610000,"EMI ₹11,926/m"
2013,Hyundai,i10,MAGNA 1.2,"37,308 km",Petrol,2nd owner,305000,"EMI ₹8,032/m"
2018,Maruti,Ciaz,ALPHA 1.4 PETROL,"98,119 km",Petrol,1st owner,631000,"EMI ₹12,336/m"
2020,Maruti,Celerio,ZXI AMT,"47,616 km",Petrol,2nd owner,509999,"EMI ₹9,971/m"
2019,Jeep,Compass,LONGITUDE (O) 1.4 PETROL AT,"71,324 km",Petrol,2nd owner,1371000,"EMI ₹26,090/m"
2018,Maruti,Swift,ZDI AMT,"94,745 km",Diesel,1st owner,639000,"EMI ₹12,493/m"
2020,Hyundai,Creta,SX (O) IVT 1.5 PETROL,"26,720 km",Petrol,1st owner,1469000,"EMI ₹27,961/m"
2014,Hyundai,i10,MAGNA 1.1,"49,024 km",Petrol,1st owner,310000,"EMI ₹6,896/m"
2020,Maruti,S,PRESSO LXI (O) CNG,"80,265 km",CNG,1st owner,440000,"EMI ₹8,602/m"
2017,Hyundai,Creta,SX PLUS AT 1.6 PETROL,"52,180 km",Petrol,2nd owner,926000,"EMI ₹17,626/m"
2019,Datsun,Go,T(O),"22,849 km",Petrol,2nd owner,385000,"EMI ₹7,522/m"
2017,Honda,Jazz,1.2L I-VTEC V,"53,380 km",Petrol,2nd owner,519000,"EMI ₹10,147/m"
2021,Hyundai,NEW,SANTRO SPORTZ AMT,"60,897 km",Petrol,2nd owner,497000,"EMI ₹9,716/m"
2022,Tata,NEXON,XZA PLUS (L),"32,111 km",Petrol,1st owner,1113000,"EMI ₹21,185/m"
2021,Hyundai,Creta,SX (O) 1.4 TURBO DCT,"50,195 km",Petrol,1st owner,1536000,"EMI ₹29,236/m"
2019,Maruti,IGNIS,DELTA 1.2,"72,659 km",Petrol,2nd owner,428000,"EMI ₹8,367/m"
2014,Maruti,Swift,VXI,"79,520 km",Petrol,1st owner,419000,"EMI ₹9,320/m"
2014,Maruti,Swift,Dzire VXI,"85,178 km",Petrol,1st owner,446000,"EMI ₹9,921/m"
2015,Maruti,Celerio,ZXI AMT,"75,112 km",Petrol,1st owner,370000,"EMI ₹7,234/m"
2020,KIA,SELTOS,GTX PLUS DCT 1.4 PETROL,"49,257 km",Petrol,1st owner,1400000,"EMI ₹26,648/m"
2021,Tata,NEXON,XZA PLUS (O) PETROL,"16,677 km",Petrol,1st owner,1110000,"EMI ₹21,128/m"
2018,Hyundai,Grand,i10 ASTA 1.2 KAPPA VTVT,"35,643 km",Petrol,2nd owner,493000,"EMI ₹9,638/m"
2023,Maruti,New,Wagon-R ZXI 1.2,"35,595 km",Petrol,1st owner,603000,"EMI ₹11,789/m"
2019,Hyundai,Grand,i10 SPORTZ AT 1.2 KAPPA VTVT,"33,740 km",Petrol,2nd owner,577000,"EMI ₹11,280/m"
2014,Maruti,Wagon,R 1.0 VXI,"22,765 km",Petrol,1st owner,366000,"EMI ₹8,138/m"
2018,Nissan,Micra,Active XV,"97,246 km",Petrol,2nd owner,370000,"EMI ₹7,234/m"
2020,KIA,SELTOS,GTX PLUS DCT 1.4 PETROL,"56,311 km",Petrol,1st owner,1373000,"EMI ₹26,134/m"
2015,Hyundai,Creta,SX PLUS AT 1.6 DIESEL,"96,185 km",Diesel,1st owner,859000,"EMI ₹18,677/m"
2019,Maruti,Celerio,ZXI AMT (O),"87,744 km",Petrol,1st owner,441000,"EMI ₹8,622/m"
2018,Maruti,Ciaz,ZETA 1.4 AT PETROL,"88,132 km",Petrol,1st owner,725000,"EMI ₹14,166/m"
2016,Renault,Duster,110 PS RXZ 4X2 AMT DIESEL,"1,01,085 km",Diesel,1st owner,627000,"EMI ₹13,947/m"
2016,Hyundai,i10,SPORTZ 1.1,"38,659 km",Petrol,1st owner,395000,"EMI ₹7,722/m"
2018,Hyundai,Creta,SX AT 1.6 PETROL,"44,229 km",Petrol,1st owner,1089000,"EMI ₹20,728/m"
2011,Hyundai,i10,MAGNA 1.2,"58,156 km",Petrol,1st owner,260000,"EMI ₹12,239/m"
2016,Maruti,Swift,ZXI,"1,18,631 km",Petrol,1st owner,484000,"EMI ₹10,766/m"
2019,Honda,City,1.5L I-VTEC VX CVT,"41,339 km",Petrol,2nd owner,960000,"EMI ₹18,265/m"
2017,Hyundai,Creta,SX PLUS AT 1.6 PETROL,"64,706 km",Petrol,2nd owner,932000,"EMI ₹17,740/m"
2016,Maruti,Celerio,ZXI AMT,"87,315 km",Petrol,1st owner,392000,"EMI ₹7,664/m"
2017,Honda,City,1.5L I-VTEC V MT,"1,13,962 km",Petrol,1st owner,643000,"EMI ₹14,303/m"
2022,Volkswagen,TAIGUN,TOPLINE 1.0 TSI AT,"35,918 km",Petrol,1st owner,1395000,"EMI ₹26,553/m"
2015,Hyundai,i10,MAGNA 1.1,"91,627 km",Petrol,1st owner,309000,"EMI ₹6,041/m"
2022,Maruti,Alto,VXI,"10,612 km",Petrol,1st owner,417000,"EMI ₹8,152/m"
2021,KIA,SONET,GTX PLUS 1.0 IMT,"40,234 km",Petrol,1st owner,1027999,"EMI ₹19,567/m"
2017,Maruti,IGNIS,ZETA 1.2,"63,716 km",Petrol,1st owner,469000,"EMI ₹9,169/m"
2020,Hyundai,NEW,SANTRO SPORTZ AMT,"72,395 km",Petrol,1st owner,475000,"EMI ₹9,286/m"
2014,Honda,Amaze,1.2L I-VTEC S,"95,495 km",Petrol,1st owner,368000,"EMI ₹8,177/m"
2019,Maruti,Celerio,X ZXI AMT,"52,328 km",Petrol,1st owner,479000,"EMI ₹9,365/m"
2019,Tata,NEXON,XZA PLUS DIESEL DUAL TONE,"54,466 km",Diesel,2nd owner,890000,"EMI ₹16,940/m"
2017,Renault,Duster,RXS CVT,"96,499 km",Petrol,1st owner,636000,"EMI ₹12,434/m"
2021,Hyundai,Verna,SX 1.5 VTVT IVT,"37,842 km",Petrol,1st owner,1224000,"EMI ₹23,298/m"
2013,Honda,Brio,VX AT,"82,163 km",Petrol,2nd owner,359000,"EMI ₹9,444/m"
2015,Hyundai,Grand,i10 ASTA AT 1.2 KAPPA VTVT,"1,06,313 km",Petrol,1st owner,424000,"EMI ₹9,441/m"
2020,Hyundai,Creta,SX (O) 1.4 TURBO DCT,"72,204 km",Petrol,1st owner,1490000,"EMI ₹28,361/m"
2018,Honda,BR-V,1.5L I-VTEC VX,"79,571 km",Petrol,2nd owner,783000,"EMI ₹15,308/m"
2020,Tata,NEXON,XZA PLUS (O) PETROL DUAL TONE,"85,380 km",Petrol,2nd owner,876000,"EMI ₹16,674/m"
2020,Maruti,IGNIS,DELTA 1.2,"77,633 km",Petrol,1st owner,450000,"EMI ₹8,798/m"
2018,Maruti,Wagon,R 1.0 VXI AMT,"99,726 km",Petrol,1st owner,390000,"EMI ₹7,625/m"
2016,Hyundai,Grand,i10 SPORTZ 1.2 KAPPA VTVT,"1,01,404 km",Petrol,2nd owner,387000,"EMI ₹8,599/m"
2018,Maruti,Wagon,R 1.0 VXI,"76,210 km",Petrol,1st owner,382000,"EMI ₹7,468/m"
2016,Hyundai,Grand,i10 ASTA 1.2 KAPPA VTVT,"88,794 km",Petrol,2nd owner,463999,"EMI ₹9,064/m"
2020,Tata,ALTROZ,XZ PETROL,"35,548 km",Petrol,1st owner,700000,"EMI ₹13,685/m"
2020,Hyundai,NEW,SANTRO ASTA MT,"42,064 km",Petrol,1st owner,504000,"EMI ₹9,853/m"
2013,Honda,Brio,S MT,"82,657 km",Petrol,3rd owner,292000,"EMI ₹7,689/m"
2022,Maruti,S,PRESSO VXI+,"35,049 km",Petrol,1st owner,470000,"EMI ₹9,189/m"
2022,Maruti,New,Wagon-R VXI 1.0 AMT,"9,301 km",Petrol,1st owner,561000,"EMI ₹10,968/m"
2021,Maruti,Ciaz,ALPHA AT 1.5 SHVS PETROL,"57,002 km",Petrol,1st owner,888000,"EMI ₹16,902/m"
2019,Hyundai,GRAND,I10 NIOS ASTA U2 1.2 CRDI,"84,977 km",Diesel,2nd owner,652000,"EMI ₹12,747/m"
2017,Maruti,Celerio,ZXI,"81,204 km",Petrol,1st owner,403000,"EMI ₹7,879/m"
2017,Maruti,Celerio,ZXI AMT,Petrol,1st owner,,409999,"EMI ₹8,016/m"
2020,Hyundai,NEW,SANTRO ASTA AMT,"48,844 km",Petrol,1st owner,530000,"EMI ₹10,362/m"
2014,Maruti,Wagon,R 1.0 VXI,"98,723 km",Petrol,2nd owner,294000,"EMI ₹6,540/m"
2017,Maruti,Celerio,ZXI (O),"76,079 km",Petrol,1st owner,417000,"EMI ₹8,152/m"
2019,Maruti,Celerio,ZXI,"99,910 km",Petrol,2nd owner,409999,"EMI ₹8,016/m"
2022,Maruti,Alto,LXI O,"26,385 km",Petrol,1st owner,387000,"EMI ₹7,566/m"
2019,Maruti,Baleno,ZETA CVT PETROL 1.2,"86,242 km",Petrol,1st owner,680000,"EMI ₹13,294/m"
2023,Maruti,Alto,VXI PLUS,"29,652 km",Petrol,1st owner,434999,"EMI ₹8,504/m"
2016,Maruti,Alto,K10 VXI AMT,"17,853 km",Petrol,2nd owner,335000,"EMI ₹6,549/m"
2018,Maruti,Swift,VXI,"78,023 km",Petrol,1st owner,527000,"EMI ₹10,303/m"
2019,Hyundai,Creta,SX (O) 1.6 PETROL,"98,097 km",Petrol,1st owner,986999,"EMI ₹18,787/m"
2020,Maruti,Alto,VXI,"32,285 km",Petrol,1st owner,369000,"EMI ₹7,212/m"
2017,Ford,Ecosport,TITANIUM 1.5L PETROL AT,"79,181 km",Petrol,1st owner,759000,"EMI ₹14,846/m"
2013,Honda,Amaze,1.5L I-DTEC E,"98,718 km",Diesel,1st owner,317000,"EMI ₹10,521/m"
2016,Hyundai,i10,SPORTZ 1.1,"48,333 km",Petrol,2nd owner,381000,"EMI ₹7,440/m"
2023,Maruti,BREZZA,ZXI SMART HYBRID,"18,693 km",Petrol,1st owner,1090000,"EMI ₹20,747/m"
2020,Hyundai,Creta,SX (O) 1.6 PETROL,"53,893 km",Petrol,1st owner,1110000,"EMI ₹21,128/m"
2022,KIA,SELTOS,GTX PLUS 1.5 DIESEL AT,"31,511 km",Diesel,1st owner,1693000,"EMI ₹32,225/m"
2017,Honda,WR-V,1.5L I-DTEC VX MT,"88,309 km",Diesel,1st owner,673000,"EMI ₹13,157/m"
2012,Maruti,Wagon,R 1.0 LXI,"72,470 km",Petrol,1st owner,254999,"EMI ₹8,470/m"
2017,Hyundai,Creta,SX PLUS AT 1.6 PETROL,"75,759 km",Petrol,2nd owner,940000,"EMI ₹17,892/m"
2023,Maruti,Alto,K10 VXI PLUS AMT,"8,023 km",Petrol,1st owner,559000,"EMI ₹10,929/m"
2017,Maruti,Dzire,ZDI PLUS AMT,"1,14,715 km",Diesel,1st owner,662000,"EMI ₹14,724/m"
2022,Maruti,Alto,VXI,"19,886 km",Petrol,1st owner,380000,"EMI ₹7,429/m"
2022,Renault,Kwid,CLIMBER AMT 1.0,"4,159 km",Petrol,1st owner,575000,"EMI ₹11,239/m"
2017,Hyundai,Verna,1.6 VTVT SX AT,"84,231 km",Petrol,3rd owner,729000,"EMI ₹14,252/m"
2021,Maruti,Dzire,VXI,"39,270 km",Petrol,1st owner,714000,"EMI ₹13,959/m"
2021,Tata,ALTROZ,XT PETROL,"15,099 km",Petrol,1st owner,685000,"EMI ₹13,392/m"
2021,Maruti,Dzire,VXI,"45,065 km",Petrol,1st owner,702000,"EMI ₹13,723/m"
2019,Maruti,Baleno,ZETA PETROL 1.2,"46,107 km",Petrol,1st owner,664000,"EMI ₹12,981/m"
2018,Hyundai,Grand,i10 MAGNA 1.2 KAPPA VTVT,"26,583 km",Petrol,1st owner,479000,"EMI ₹9,358/m"
2019,Hyundai,i20,Active 1.2 SX,"28,275 km",Petrol,2nd owner,717000,"EMI ₹14,017/m"
2019,Honda,Amaze,1.2L I-VTEC V,"37,617 km",Petrol,1st owner,663000,"EMI ₹12,962/m"
2017,Maruti,Baleno,DELTA PETROL 1.2,"44,678 km",Petrol,1st owner,560000,"EMI ₹10,954/m"
2021,Tata,NEXON,XZ PETROL,"34,788 km",Petrol,1st owner,890000,"EMI ₹16,940/m"
2022,Honda,Amaze,1.2L I-VTEC VX CVT,"39,307 km",Petrol,1st owner,811000,"EMI ₹15,437/m"
2023,Maruti,New,Wagon-R ZXI 1.2,"40,242 km",Petrol,1st owner,608000,"EMI ₹11,887/m"
2013,Maruti,Alto,800 LXI,"87,198 km",Petrol,1st owner,208000,"EMI ₹5,477/m"
2019,Hyundai,Elite,i20 SPORTZ PLUS 1.4 CRDI,"76,074 km",Diesel,1st owner,703000,"EMI ₹13,747/m"
2014,Maruti,Swift,Dzire VDI,"88,746 km",Diesel,1st owner,491000,"EMI ₹12,919/m"
2023,Hyundai,NEW,I20 ASTA 1.2 MT,"15,511 km",Petrol,1st owner,855000,"EMI ₹16,274/m"
2022,Maruti,Baleno,ALPHA 1.2 AGS,"35,349 km",Petrol,1st owner,891000,"EMI ₹16,959/m"
2020,Hyundai,VENUE,S 1.2,"73,905 km",Petrol,1st owner,727000,"EMI ₹14,213/m"
2014,Hyundai,Verna,FLUIDIC 1.6 CRDI SX,"92,803 km",Diesel,2nd owner,480000,"EMI ₹12,632/m"
2021,Tata,NEXON,XMA SUNROOF PETROL,"53,495 km",Petrol,1st owner,894000,"EMI ₹17,016/m"
2018,Tata,Tiago,XT PETROL,"75,958 km",Petrol,1st owner,436000,"EMI ₹8,524/m"
2020,Volkswagen,Polo,HIGHLINE PLUS 1.0,"35,325 km",Petrol,2nd owner,676000,"EMI ₹13,216/m"
2022,Maruti,Swift,VXI,"48,018 km",Petrol,1st owner,659000,"EMI ₹12,883/m"
2018,Hyundai,Grand,i10 ASTA 1.2 KAPPA VTVT,"52,878 km",Petrol,1st owner,532000,"EMI ₹10,400/m"
2020,Renault,Kwid,CLIMBER 1.0 (O),"73,577 km",Petrol,1st owner,400000,"EMI ₹7,820/m"
2013,Maruti,Swift,VDI,"69,399 km",Diesel,1st owner,430999,"EMI ₹14,303/m"
2022,Hyundai,GRAND,I10 NIOS SPORTZ 1.2 KAPPA VTVT,"40,969 km",Petrol,1st owner,676000,"EMI ₹13,216/m"
2019,Hyundai,GRAND,I10 NIOS SPORTZ AMT 1.2 KAPPA VTVT,"34,527 km",Petrol,1st owner,638000,"EMI ₹12,465/m"
2022,Mahindra,Thar,LX PETROL HT 4WD AT,"26,217 km",Petrol,2nd owner,1508000,"EMI ₹28,703/m"
2021,Mahindra,XUV300,W8 (O) 1.5 DIESEL,"65,076 km",Diesel,1st owner,1089000,"EMI ₹20,728/m"
2013,Maruti,A,Star VXI (ABS) AT,"18,678 km",Petrol,2nd owner,304000,"EMI ₹8,005/m"
2021,Maruti,Baleno,ZETA PETROL 1.2,"69,067 km",Petrol,1st owner,704000,"EMI ₹13,757/m"
2015,Honda,Brio,VX AT,"97,541 km",Petrol,1st owner,404000,"EMI ₹7,898/m"
2021,Tata,TIGOR,XZ PLUS PETROL,"51,029 km",Petrol,1st owner,654000,"EMI ₹12,786/m"
2023,Maruti,S,PRESSO VXI PLUS (O) AMT,"5,353 km",Petrol,1st owner,556000,"EMI ₹10,866/m"
2022,Toyota,URBAN,CRUISER PREMIUM GRADE MT,"8,351 km",Petrol,1st owner,1003999,"EMI ₹19,101/m"
2021,Hyundai,NEW,I20 SPORTZ 1.2 MT,"28,850 km",Petrol,1st owner,740000,"EMI ₹14,467/m"
2018,Maruti,Dzire,ZXI PLUS AMT,"39,232 km",Petrol,1st owner,701000,"EMI ₹13,712/m"
2019,Honda,City,1.5L I-VTEC VX CVT,"52,099 km",Petrol,2nd owner,1003999,"EMI ₹19,110/m"
2016,Honda,City,1.5L I-VTEC V MT,"61,495 km",Petrol,1st owner,650000,"EMI ₹12,701/m"
2017,Maruti,Baleno,DELTA PETROL 1.2,"69,538 km",Petrol,1st owner,549000,"EMI ₹10,741/m"
2022,Mahindra,XUV700,AX 7 LUXURY D AT 7 STR,"42,398 km",Diesel,1st owner,2261000,"EMI ₹43,036/m"
2020,Maruti,Swift,ZXI,"24,235 km",Petrol,1st owner,647000,"EMI ₹12,649/m"
2016,Datsun,Go,T,Petrol,1st owner,,241000,"EMI ₹5,361/m"
2021,KIA,SONET,HTX 1.0 IMT,"43,562 km",Petrol,2nd owner,872000,"EMI ₹16,598/m"
2017,Renault,Kwid,RXL 1.0,"84,810 km",Petrol,2nd owner,268000,"EMI ₹5,236/m"
2019,Honda,Amaze,1.2L I-VTEC S,"34,502 km",Petrol,1st owner,626000,"EMI ₹12,238/m"
2018,Maruti,Baleno,DELTA PETROL 1.2,"88,421 km",Petrol,1st owner,543000,"EMI ₹10,612/m"
2018,Maruti,Baleno,DELTA PETROL 1.2,"61,116 km",Petrol,1st owner,565000,"EMI ₹11,055/m"
2020,KIA,SELTOS,HTX 1.5 PETROL,"51,917 km",Petrol,1st owner,1114000,"EMI ₹21,204/m"
2015,Maruti,Alto,800 LXI,"88,670 km",Petrol,1st owner,254999,"EMI ₹4,979/m"
2016,Ford,Ecosport,TITANIUM 1.5L PETROL AT,"84,675 km",Petrol,2nd owner,584000,"EMI ₹11,419/m"
2021,Hyundai,GRAND,I10 NIOS SPORTZ AMT 1.2 KAPPA VTVT,"50,284 km",Petrol,1st owner,684000,"EMI ₹13,374/m"
2017,Hyundai,Elite,i20 SPORTZ 1.2,"94,325 km",Petrol,1st owner,585000,"EMI ₹11,437/m"
2022,Mahindra,XUV700,AX 7 P MT 7 STR,"18,293 km",Petrol,1st owner,1900000,"EMI ₹36,165/m"
2021,Mahindra,XUV700,AX 7 P MT 7 STR,"52,387 km",Petrol,1st owner,1832999,"EMI ₹34,889/m"
2021,Tata,ALTROZ,XE PETROL,"46,658 km",Petrol,1st owner,577000,"EMI ₹11,280/m"
2020,Maruti,Vitara,Brezza ZXI AT SHVS,"61,121 km",Petrol,1st owner,915000,"EMI ₹17,416/m"
2017,Renault,Kwid,CLIMBER 1.0 AMT,"50,534 km",Petrol,1st owner,361000,"EMI ₹7,064/m"
2021,Maruti,Baleno,ALPHA CVT PETROL 1.2,"48,428 km",Petrol,1st owner,825000,"EMI ₹15,703/m"
2017,Maruti,Vitara,Brezza ZDI PLUS,"36,184 km",Diesel,1st owner,823000,"EMI ₹15,664/m"
2014,Maruti,Swift,Dzire VXI,"89,851 km",Petrol,1st owner,438999,"EMI ₹9,765/m"
2015,Hyundai,Xcent,SX 1.2,"75,475 km",Petrol,1st owner,443000,"EMI ₹8,661/m"
2014,Hyundai,Grand,i10 SPORTZ 1.2 KAPPA VTVT,"94,787 km",Petrol,2nd owner,352000,"EMI ₹7,830/m"
2017,Maruti,Wagon,R 1.0 VXI + (O) AMT,"56,259 km",Petrol,1st owner,417000,"EMI ₹8,152/m"
2015,Maruti,Swift,ZXI,"60,872 km",Petrol,2nd owner,465000,"EMI ₹9,085/m"
2014,Maruti,Swift,Dzire VXI,"58,797 km",Petrol,1st owner,459000,"EMI ₹10,210/m"
2015,Maruti,Swift,Dzire ZXI,"39,415 km",Petrol,1st owner,546000,"EMI ₹10,681/m"
2023,Maruti,New,Wagon-R VXI 1.0 AMT,"17,249 km",Petrol,1st owner,681000,"EMI ₹13,314/m"
2022,Mahindra,XUV300,W8 (O) 1.2 PETROL,"35,997 km",Petrol,1st owner,1098000,"EMI ₹20,899/m"
2021,Tata,NEXON,XM PETROL,"53,746 km",Petrol,1st owner,801000,"EMI ₹15,246/m"
2018,Tata,NEXON,XZA PLUS PETROL,"37,150 km",Petrol,2nd owner,775000,"EMI ₹15,151/m"
2021,Tata,Tiago,XZ PLUS DUAL TONE PETROL,"33,436 km",Petrol,1st owner,619000,"EMI ₹12,102/m"
2011,Honda,Civic,1.8L I-VTEC V AT,"1,04,025 km",Petrol,2nd owner,343000,"EMI ₹16,146/m"
2013,Hyundai,Grand,i10 SPORTZ 1.2 KAPPA VTVT,"78,925 km",Petrol,2nd owner,332000,"EMI ₹8,743/m"
2023,Tata,NEXON,XMA PETROL,"4,872 km",Petrol,1st owner,963000,"EMI ₹18,330/m"
2017,Skoda,Rapid,AMBITION 1.5 TDI,"1,18,882 km",Diesel,1st owner,687000,"EMI ₹15,282/m"
2019,Maruti,Dzire,ZXI PLUS,"83,105 km",Petrol,2nd owner,674000,"EMI ₹13,177/m"
2016,Hyundai,Grand,i10 ASTA (O) 1.2 KAPPA VTVT,"69,383 km",Petrol,2nd owner,444000,"EMI ₹8,680/m"
2019,Tata,Tiago,XZ PLUS PETROL,"26,907 km",Petrol,1st owner,544000,"EMI ₹10,635/m"
2020,Maruti,Swift,VXI,"76,004 km",Petrol,1st owner,595000,"EMI ₹11,632/m"
2019,Hyundai,NEW,SANTRO SPORTZ AMT,"32,265 km",Petrol,1st owner,501999,"EMI ₹9,814/m"
2020,KIA,SELTOS,HTX IVT 1.5 PETROL,"76,247 km",Petrol,1st owner,1141000,"EMI ₹21,718/m"
2022,Maruti,S,PRESSO VXI+,"23,526 km",Petrol,2nd owner,454000,"EMI ₹8,870/m"
2019,Hyundai,Verna,1.6 VTVT SX (O) AT,"68,437 km",Petrol,1st owner,936999,"EMI ₹17,835/m"
2015,Maruti,Celerio,ZXI AMT,"55,429 km",Petrol,1st owner,393000,"EMI ₹7,677/m"
2020,Maruti,Vitara,Brezza ZXI AT SHVS,"43,369 km",Petrol,1st owner,897000,"EMI ₹17,074/m"
2022,KIA,SELTOS,GTX PLUS 1.5 DIESEL AT,"21,050 km",Diesel,1st owner,1803000,"EMI ₹34,318/m"
2014,Hyundai,Verna,FLUIDIC 1.6 VTVT EX,"49,793 km",Petrol,1st owner,516000,"EMI ₹11,479/m"
2018,Hyundai,Creta,SX AT 1.6 PETROL,"38,493 km",Petrol,2nd owner,1053000,"EMI ₹20,043/m"
2021,Maruti,Baleno,ZETA PETROL 1.2,"44,267 km",Petrol,1st owner,713000,"EMI ₹13,939/m"
2022,Honda,Amaze,1.2L I-VTEC S,"41,184 km",Petrol,1st owner,707000,"EMI ₹13,814/m"
2019,Maruti,Baleno,ZETA CVT PETROL 1.2,"40,250 km",Petrol,1st owner,672000,"EMI ₹13,138/m"
2016,Maruti,Swift,Dzire VXI,"60,581 km",Petrol,1st owner,540000,"EMI ₹10,557/m"
2023,Maruti,Dzire,VXI AMT,"14,809 km",Petrol,1st owner,807000,"EMI ₹15,354/m"
2019,Maruti,Dzire,VXI AMT,"9,056 km",Petrol,1st owner,690000,"EMI ₹13,491/m"
2019,Maruti,Swift,VXI AMT,"78,291 km",Petrol,1st owner,577000,"EMI ₹11,282/m"
2017,Maruti,Celerio,ZXI AMT,"40,400 km",Petrol,1st owner,449000,"EMI ₹8,778/m"
2022,Maruti,S,PRESSO VXI+,"9,961 km",Petrol,1st owner,483000,"EMI ₹9,449/m"
2017,Tata,Tiago,XZA PETROL,"1,14,543 km",Petrol,1st owner,428000,"EMI ₹9,531/m"
2016,Volkswagen,Ameo,COMFORTLINE 1.2L,"94,459 km",Petrol,2nd owner,405000,"EMI ₹7,918/m"
2020,Maruti,New,Wagon-R LXI CNG (O) 1.0,"63,314 km",CNG,1st owner,570000,"EMI ₹11,142/m"
2020,Hyundai,AURA,SX PLUS 1.2 AMT,"36,868 km",Petrol,1st owner,724000,"EMI ₹14,156/m"
2018,Hyundai,Elite,i20 ASTA 1.2 (O),"1,21,249 km",Petrol,1st owner,598000,"EMI ₹13,302/m"
2022,Tata,NEXON,XZA PLUS DIESEL,"25,552 km",Diesel,1st owner,1136000,"EMI ₹21,623/m"
2022,Hyundai,VENUE,SX PLUS 1.0 TURBO DCT,"36,310 km",Petrol,2nd owner,1034000,"EMI ₹19,681/m"
2017,Hyundai,Elite,i20 ASTA 1.2 DUAL TONE,"87,637 km",Petrol,1st owner,620000,"EMI ₹12,121/m"
2022,Maruti,IGNIS,DELTA 1.2,"11,898 km",Petrol,2nd owner,593000,"EMI ₹11,601/m"
2020,KIA,SONET,GTX PLUS 1.0 DCT,"51,894 km",Petrol,2nd owner,1023000,"EMI ₹19,472/m"
2021,Hyundai,Verna,SX (O)1.5 VTVT,"32,407 km",Petrol,1st owner,1168000,"EMI ₹22,232/m"
2017,Maruti,Baleno,ALPHA PETROL 1.2,"31,759 km",Petrol,1st owner,627000,"EMI ₹12,258/m"
2016,Hyundai,Elite,i20 ASTA 1.2,"56,710 km",Petrol,1st owner,601000,"EMI ₹11,750/m"
2023,Maruti,Dzire,VXI AMT,"15,833 km",Petrol,1st owner,778000,"EMI ₹15,210/m"
2013,Hyundai,Grand,i10 SPORTZ 1.1 CRDI,"1,12,381 km",Diesel,2nd owner,327000,"EMI ₹10,874/m"
2018,Maruti,Dzire,VXI,"71,505 km",Petrol,1st owner,589000,"EMI ₹11,515/m"
2017,Honda,City,1.5L I-VTEC V MT,"69,456 km",Petrol,1st owner,714000,"EMI ₹13,959/m"
2021,Hyundai,VENUE,SX 1.0 TURBO,"22,735 km",Petrol,1st owner,911000,"EMI ₹17,340/m"
2022,Renault,Kwid,RXT 1.0 AMT,"43,148 km",Petrol,1st owner,488999,"EMI ₹9,558/m"
2021,Tata,ALTROZ,XZ (O) I-TURBO PETROL,"28,919 km",Petrol,1st owner,779000,"EMI ₹15,230/m"
2021,Tata,PUNCH,CREATIVE 1.2 RTN DUAL TONE,"52,065 km",Petrol,1st owner,763000,"EMI ₹14,917/m"
2017,Hyundai,Elite,i20 SPORTZ 1.2,"66,871 km",Petrol,1st owner,597000,"EMI ₹11,663/m"
2021,Maruti,Baleno,ZETA CVT PETROL 1.2,"25,338 km",Petrol,2nd owner,714000,"EMI ₹13,956/m"
2020,MG,HECTOR,SHARP 1.5 DCT PETROL,"58,539 km",Petrol,1st owner,1441000,"EMI ₹27,428/m"
2018,Maruti,Dzire,VDI AMT,"86,032 km",Diesel,1st owner,716000,"EMI ₹14,007/m"
2021,Maruti,Dzire,VXI,"97,907 km",Petrol,1st owner,675000,"EMI ₹13,205/m"
2022,Volkswagen,VIRTUS,HIGHLINE TSI 1.0 MT,"19,255 km",Petrol,1st owner,1280000,"EMI ₹24,364/m"
2021,Renault,TRIBER,RXZ,"61,982 km",Petrol,2nd owner,608000,"EMI ₹11,887/m"
2018,Tata,Tiago,XZA PETROL,"41,120 km",Petrol,2nd owner,482000,"EMI ₹9,426/m"
2022,Maruti,XL6,ALPHA AT,"52,904 km",Petrol,1st owner,1124000,"EMI ₹21,394/m"
2014,Hyundai,i10,SPORTZ 1.1,"42,520 km",Petrol,2nd owner,330000,"EMI ₹7,341/m"
2017,Hyundai,Verna,1.6 VTVT SX,"84,881 km",Petrol,1st owner,721000,"EMI ₹14,099/m"
2016,Maruti,Alto,K10 VXI,"66,186 km",Petrol,2nd owner,291000,"EMI ₹5,689/m"
2018,Hyundai,Grand,i10 SPORTZ (O) AT 1.2 KAPPA VTVT,"23,664 km",Petrol,1st owner,610000,"EMI ₹11,935/m"
2014,Maruti,Swift,Dzire VXI,"70,942 km",Petrol,2nd owner,424000,"EMI ₹9,432/m"
2021,Mahindra,XUV300,W8 (O) 1.2 PETROL,"15,802 km",Petrol,2nd owner,1024000,"EMI ₹19,483/m"
2021,Tata,ALTROZ,XZ DIESEL,"59,445 km",Diesel,1st owner,748000,"EMI ₹14,624/m"
2013,Hyundai,i10,MAGNA 1.1,"66,578 km",Petrol,3rd owner,286000,"EMI ₹7,534/m"
2017,Nissan,Terrano,XL D PLUS,"85,983 km",Diesel,1st owner,624000,"EMI ₹12,199/m"
2014,Hyundai,Grand,i10 SPORTZ 1.2 KAPPA VTVT,"1,07,168 km",Petrol,1st owner,371000,"EMI ₹8,253/m"
2021,Maruti,Vitara,Brezza ZXI AT SHVS,"35,713 km",Petrol,2nd owner,986000,"EMI ₹18,768/m"
2017,Maruti,Baleno,DELTA PETROL 1.2,"85,337 km",Petrol,2nd owner,525000,"EMI ₹10,264/m"
2018,Tata,NEXON,XZA PLUS PETROL DUAL TONE,"69,521 km",Petrol,1st owner,798000,"EMI ₹15,610/m"
2022,Mahindra,XUV700,AX 5 P AT 5 STR,"31,604 km",Petrol,1st owner,1946000,"EMI ₹37,040/m"
2020,Maruti,XL6,ALPHA AT,"29,033 km",Petrol,1st owner,1024000,"EMI ₹19,491/m"
2018,Maruti,Ciaz,ALPHA 1.5 SHVS PETROL,"66,803 km",Petrol,2nd owner,718000,"EMI ₹14,028/m"
2013,Maruti,Swift,Dzire VXI,"78,036 km",Petrol,1st owner,413000,"EMI ₹10,876/m"
2015,Maruti,Swift,VXI,"49,672 km",Petrol,1st owner,474000,"EMI ₹9,267/m"
2022,Skoda,SLAVIA,STYLE 1.0L TSI AT,"30,564 km",Petrol,1st owner,1503000,"EMI ₹28,608/m"
2018,Volkswagen,Polo,COMFORTLINE 1.0L MPI,"47,445 km",Petrol,2nd owner,526000,"EMI ₹10,284/m"
2020,KIA,SONET,HTX 1.0 IMT,"37,900 km",Petrol,2nd owner,867000,"EMI ₹16,503/m"
2022,Maruti,S,PRESSO VXI+,"40,152 km",Petrol,2nd owner,442000,"EMI ₹8,641/m"
2021,Nissan,MAGNITE,XV TURBO,"35,136 km",Petrol,1st owner,723000,"EMI ₹14,135/m"
2016,Maruti,Alto,K10 VXI AMT,"1,13,033 km",Petrol,1st owner,328000,"EMI ₹7,296/m"
2017,Honda,Jazz,1.2L I-VTEC V AT,"77,402 km",Petrol,1st owner,586000,"EMI ₹11,462/m"
2021,Maruti,Swift,VXI,"20,277 km",Petrol,2nd owner,609000,"EMI ₹11,914/m"
2017,Maruti,Alto,800 VXI,"30,827 km",Petrol,2nd owner,292000,"EMI ₹5,702/m"
2016,Hyundai,Creta,SX PLUS AT 1.6 PETROL,"54,020 km",Petrol,1st owner,943000,"EMI ₹17,949/m"
2019,Nissan,Micra,XV CVT,"58,956 km",Petrol,1st owner,515000,"EMI ₹10,068/m"
2020,Hyundai,GRAND,I10 NIOS SPORTZ AMT 1.2 KAPPA VTVT,"37,438 km",Petrol,1st owner,640000,"EMI ₹12,512/m"
2017,Hyundai,Elite,i20 SPORTZ 1.2,"54,005 km",Petrol,1st owner,596000,"EMI ₹11,652/m"
2021,Tata,Safari,XZA PLUS,"44,726 km",Diesel,2nd owner,1889999,"EMI ₹35,981/m"
2016,Hyundai,Elite,i20 ASTA 1.2,"76,961 km",Petrol,2nd owner,561000,"EMI ₹10,968/m"
2019,Volkswagen,Polo,HIGHLINE PLUS 1.0,"37,326 km",Petrol,1st owner,706000,"EMI ₹13,793/m"
2019,KIA,SELTOS,GTX PLUS AT 1.5 DIESEL,"87,655 km",Diesel,1st owner,1396000,"EMI ₹26,572/m"
2017,Maruti,Wagon,R 1.0 VXI + (O) AMT,"50,158 km",Petrol,1st owner,404000,"EMI ₹7,894/m"
2022,Honda,Amaze,1.2L I-VTEC S,"4,990 km",Petrol,1st owner,764000,"EMI ₹14,936/m"
2016,Datsun,Redi,Go S,"90,601 km",Petrol,1st owner,216000,"EMI ₹4,216/m"
2019,Hyundai,NEW,SANTRO SPORTZ MT,"53,906 km",Petrol,2nd owner,409999,"EMI ₹8,017/m"
2019,Maruti,Baleno,ZETA PETROL 1.2,"61,942 km",Petrol,1st owner,663000,"EMI ₹12,962/m"
2019,Skoda,Rapid,STYLE 1.6 MPI,"94,695 km",Petrol,1st owner,790000,"EMI ₹15,445/m"
2017,Maruti,Baleno,ALPHA CVT PETROL 1.2,"72,645 km",Petrol,1st owner,619000,"EMI ₹12,102/m"
2018,Honda,City,1.5L I-VTEC V MT,"39,345 km",Petrol,1st owner,808000,"EMI ₹15,380/m"
2016,Maruti,Celerio,ZXI AMT,"48,555 km",Petrol,1st owner,426999,"EMI ₹8,348/m"
2013,Honda,Amaze,1.2L I-VTEC S,"99,731 km",Petrol,1st owner,375000,"EMI ₹9,875/m"
2018,Hyundai,Grand,i10 SPORTZ 1.2 KAPPA VTVT DUAL TONE,"94,790 km",Petrol,1st owner,483000,"EMI ₹9,443/m"
2017,Maruti,Alto,800 LXI O,"99,944 km",Petrol,1st owner,277000,"EMI ₹5,408/m"
2022,Maruti,IGNIS,ZETA 1.2,"19,796 km",Petrol,1st owner,596000,"EMI ₹11,652/m"
2022,Nissan,MAGNITE,XL TURBO CVT,"12,141 km",Petrol,1st owner,811000,"EMI ₹15,437/m"
2015,Hyundai,Elite,i20 ASTA 1.2,"62,427 km",Petrol,2nd owner,519000,"EMI ₹10,147/m"
2018,Renault,Kwid,CLIMBER 1.0 AMT,"56,765 km",Petrol,1st owner,394000,"EMI ₹7,699/m"
2013,Honda,City,1.5L I-VTEC S MT,"62,384 km",Petrol,2nd owner,436000,"EMI ₹11,471/m"
2019,Maruti,Baleno,ALPHA PETROL 1.2,"28,416 km",Petrol,1st owner,700000,"EMI ₹13,685/m"
2014,Maruti,Alto,K10 VXI,"30,103 km",Petrol,2nd owner,250000,"EMI ₹5,554/m"
2021,Toyota,Glanza,V,"22,352 km",Petrol,1st owner,795000,"EMI ₹15,542/m"
2018,Hyundai,Creta,SX AT 1.6 PETROL,"60,197 km",Petrol,1st owner,1154000,"EMI ₹21,965/m"
2015,Ford,Ecosport,TITANIUM 1.5L DIESEL,"98,881 km",Diesel,2nd owner,507000,"EMI ₹11,282/m"
2016,Maruti,Wagon,R 1.0 VXI AMT,"62,667 km",Petrol,1st owner,405000,"EMI ₹7,915/m"
2021,KIA,SELTOS,GTX PLUS DCT 1.4 PETROL,"56,977 km",Petrol,1st owner,1482000,"EMI ₹28,209/m"
2021,Hyundai,NEW,SANTRO SPORTZ AMT,"26,825 km",Petrol,1st owner,563000,"EMI ₹11,003/m"
2016,Maruti,Celerio,VXI (O),"39,589 km",Petrol,1st owner,390000,"EMI ₹7,632/m"
2020,Hyundai,VENUE,S 1.2,"65,237 km",Petrol,2nd owner,725000,"EMI ₹14,168/m"
2019,Renault,Kwid,RXT 1.0 AMT,"15,758 km",Petrol,2nd owner,384000,"EMI ₹7,507/m"
2021,Maruti,Baleno,DELTA PETROL 1.2,"48,054 km",Petrol,1st owner,652000,"EMI ₹12,747/m"
2021,Maruti,Swift,ZXI PLUS AMT,"59,424 km",Petrol,1st owner,740000,"EMI ₹14,467/m"
2023,Renault,TRIBER,RXZ DUAL TONE,"25,037 km",Petrol,1st owner,819999,"EMI ₹15,606/m"
2020,Honda,Amaze,1.2L I-VTEC VX,"24,093 km",Petrol,1st owner,756000,"EMI ₹14,778/m"
2016,Maruti,Alto,K10 VXI,"31,602 km",Petrol,1st owner,319000,"EMI ₹6,230/m"
2019,Hyundai,VENUE,SX PLUS 1.0 TURBO DCT,"67,460 km",Petrol,1st owner,869000,"EMI ₹16,541/m"
2022,Maruti,Ciaz,DELTA 1.5 SHVS MT PETROL,"20,719 km",Petrol,1st owner,850000,"EMI ₹16,179/m"
2022,Tata,PUNCH,CREATIVE MT,"43,093 km",Petrol,1st owner,796000,"EMI ₹15,556/m"
2020,Renault,Kwid,CLIMBER 1.0,"41,131 km",Petrol,1st owner,401999,"EMI ₹7,852/m"
2021,Mahindra,Thar,LX PETROL HT 4WD AT,"50,721 km",Petrol,1st owner,1430000,"EMI ₹27,211/m"
2021,KIA,SELTOS,HTK PLUS 1.5 DIESEL,"48,886 km",Diesel,1st owner,1270000,"EMI ₹24,173/m"
2021,Maruti,Baleno,ZETA PETROL 1.2,"56,774 km",Petrol,1st owner,717000,"EMI ₹14,017/m"
2018,Hyundai,Elite,i20 ASTA 1.2 DUAL TONE,"71,503 km",Petrol,2nd owner,612000,"EMI ₹11,965/m"
2013,Hyundai,i10,ASTA 1.2 AT SUNROOF,"32,902 km",Petrol,1st owner,415000,"EMI ₹10,925/m"
2018,Maruti,Baleno,DELTA DIESEL 1.3,"86,448 km",Diesel,1st owner,644000,"EMI ₹12,584/m"
2012,Hyundai,Verna,FLUIDIC 1.6 CRDI SX,"1,19,244 km",Diesel,3rd owner,379000,"EMI ₹17,841/m"
2021,Maruti,Vitara,Brezza VXI,"25,449 km",Petrol,1st owner,817000,"EMI ₹15,549/m"
2017,Hyundai,Grand,i10 SPORTZ 1.2 KAPPA VTVT,"71,791 km",Petrol,1st owner,463000,"EMI ₹9,052/m"
2017,Maruti,Baleno,DELTA PETROL 1.2,"45,551 km",Petrol,1st owner,562000,"EMI ₹10,987/m"
2018,Maruti,Celerio,ZXI AMT,"18,827 km",Petrol,1st owner,459000,"EMI ₹8,977/m"
2021,Tata,ALTROZ,XZ PETROL,"37,608 km",Petrol,1st owner,763000,"EMI ₹14,917/m"
2021,Maruti,S,PRESSO VXI+,"16,759 km",Petrol,1st owner,434000,"EMI ₹8,485/m"
2021,Hyundai,GRAND,I10 NIOS SPORTZ AMT 1.2 KAPPA VTVT,"24,198 km",Petrol,1st owner,684000,"EMI ₹13,372/m"
2020,Maruti,Baleno,ZETA PETROL 1.2,"75,196 km",Petrol,2nd owner,656000,"EMI ₹12,824/m"
2022,Maruti,Eeco,5 STR AC (O),"39,207 km",Petrol,2nd owner,494000,"EMI ₹9,666/m"
2015,Hyundai,Xcent,SX 1.2 (O),"1,16,884 km",Petrol,1st owner,421000,"EMI ₹9,366/m"
2021,Mahindra,Thar,LX P 4WD AT CONVERTIBLE,"39,089 km",Petrol,1st owner,1402000,"EMI ₹26,686/m"
2020,Hyundai,Grand,i10 SPORTZ 1.2 KAPPA VTVT,"39,717 km",Petrol,1st owner,574000,"EMI ₹11,222/m"
2019,Hyundai,NEW,SANTRO SPORTZ CNG,"88,987 km",CNG,2nd owner,542000,"EMI ₹10,596/m"
2019,Maruti,Swift,VXI,"40,850 km",Petrol,1st owner,567000,"EMI ₹11,085/m"
2020,Hyundai,VENUE,SX 1.0 TURBO,"31,131 km",Petrol,1st owner,884000,"EMI ₹16,826/m"
2021,Renault,TRIBER,RXZ DUAL TONE,"33,176 km",Petrol,1st owner,750000,"EMI ₹14,663/m"
2022,Maruti,XL6,ALPHA MT,"20,804 km",Petrol,1st owner,1128000,"EMI ₹21,470/m"
2018,Maruti,IGNIS,DELTA 1.2 AMT,"90,874 km",Petrol,2nd owner,443000,"EMI ₹8,661/m"
2021,Maruti,Baleno,ZETA PETROL 1.2,"23,262 km",Petrol,1st owner,702000,"EMI ₹13,727/m"
2019,Tata,NEXON,XZ PLUS PETROL,"41,521 km",Petrol,1st owner,772000,"EMI ₹15,093/m"
2017,Honda,Amaze,1.2L I-VTEC S,"42,353 km",Petrol,1st owner,532000,"EMI ₹10,409/m"
2019,Maruti,Baleno,DELTA PETROL 1.2,"74,173 km",Petrol,1st owner,603000,"EMI ₹11,789/m"
2022,Tata,ALTROZ,XZA PLUS DARK EDTION,"28,466 km",Petrol,1st owner,833000,"EMI ₹15,855/m"
2020,Maruti,Baleno,ZETA PETROL 1.2,"65,323 km",Petrol,1st owner,669000,"EMI ₹13,079/m"
2021,KIA,SELTOS,HTX 1.5 DIESEL,"55,645 km",Diesel,1st owner,1336000,"EMI ₹25,430/m"
2016,Honda,Amaze,1.2L I-VTEC SX,"81,183 km",Petrol,1st owner,434000,"EMI ₹8,485/m"
2017,Skoda,Rapid,STYLE 1.6 MPI AT,"1,06,132 km",Petrol,1st owner,655000,"EMI ₹14,570/m"
2019,Hyundai,Grand,i10 MAGNA 1.2 KAPPA VTVT,"24,483 km",Petrol,1st owner,480000,"EMI ₹9,384/m"
2017,Maruti,IGNIS,DELTA 1.2,"70,873 km",Petrol,1st owner,420000,"EMI ₹8,211/m"
2013,Hyundai,i10,MAGNA 1.2,"54,312 km",Petrol,2nd owner,275000,"EMI ₹7,242/m"
2020,Maruti,Dzire,ZXI PLUS AMT,"32,142 km",Petrol,1st owner,736000,"EMI ₹14,389/m"
2020,Renault,TRIBER,RXT AMT,"35,604 km",Petrol,1st owner,654000,"EMI ₹12,786/m"
2023,Renault,Kwid,CLIMBER AMT 1.0,"10,731 km",Petrol,1st owner,560000,"EMI ₹10,948/m"
2019,Hyundai,VENUE,SX PLUS 1.0 TURBO DCT,"60,468 km",Petrol,1st owner,866000,"EMI ₹16,484/m"
2019,Maruti,New,Wagon-R VXI 1.2,"52,608 km",Petrol,2nd owner,430000,"EMI ₹8,407/m"
2016,Maruti,Alto,K10 VXI AMT,"85,292 km",Petrol,1st owner,309000,"EMI ₹6,041/m"
2017,Maruti,Dzire,ZXI PLUS AMT,"72,891 km",Petrol,2nd owner,591000,"EMI ₹11,554/m"
2022,Tata,NEXON,XZ PLUS (PREMIUM) PETROL,"22,121 km",Petrol,1st owner,1086000,"EMI ₹20,674/m"
2021,Maruti,New,Wagon-R VXI (O) 1.2 AMT,"37,541 km",Petrol,1st owner,530000,"EMI ₹10,362/m"
2021,Tata,NEXON,XZA PLUS (O) PETROL,"24,019 km",Petrol,1st owner,1070000,"EMI ₹20,362/m"
2021,MG,HECTOR,SHARP HYBRID 1.5 PETROL,"36,582 km",Petrol,1st owner,1560000,"EMI ₹29,693/m"
2014,Maruti,Celerio,VXI AMT,"98,335 km",Petrol,1st owner,310000,"EMI ₹6,896/m"
2017,Honda,Jazz,1.2L I-VTEC V AT,"67,061 km",Petrol,1st owner,535000,"EMI ₹10,459/m"
2021,Mahindra,Thar,LX PETROL HT 4WD AT,"12,287 km",Petrol,1st owner,1475000,"EMI ₹28,066/m"
2021,Volkswagen,Polo,TRENDLINE 1.0L,"49,595 km",Petrol,1st owner,568000,"EMI ₹11,098/m"
2016,Honda,Jazz,1.2L I-VTEC V,"84,613 km",Petrol,2nd owner,438999,"EMI ₹8,578/m"
2019,Maruti,Ertiga,VXI AT SHVS,"90,208 km",Petrol,2nd owner,827000,"EMI ₹15,741/m"
2013,Maruti,Swift,Dzire VXI,"96,722 km",Petrol,2nd owner,379000,"EMI ₹9,984/m"
2023,Hyundai,NEW,I20 ASTA (O) 1.2 MT,"27,330 km",Petrol,1st owner,919999,"EMI ₹17,511/m"
2022,Toyota,Glanza,G AMT,"18,863 km",Petrol,1st owner,846000,"EMI ₹16,103/m"
2018,Maruti,Ciaz,ALPHA AT 1.5 SHVS PETROL,"58,396 km",Petrol,1st owner,739000,"EMI ₹14,439/m"
2021,Hyundai,VENUE,S 1.2,"24,029 km",Petrol,1st owner,766000,"EMI ₹14,975/m"
2020,Maruti,Ertiga,VXI AT SHVS,"44,163 km",Petrol,1st owner,852000,"EMI ₹16,217/m"
2017,Ford,Ecosport,AMBIENTE 1.5L PETROL,"44,530 km",Petrol,1st owner,535000,"EMI ₹10,459/m"
2021,Maruti,Swift,ZXI,"32,870 km",Petrol,1st owner,664000,"EMI ₹12,981/m"
2023,Tata,NEXON,XZ PLUS LUXURY SUNROOF PETROL,"14,766 km",Petrol,1st owner,1222000,"EMI ₹23,260/m"
2013,Volkswagen,Polo,HIGHLINE1.2L,"72,302 km",Petrol,1st owner,359000,"EMI ₹9,454/m"
2022,Maruti,Eeco,7 STR STD(O),"31,936 km",Petrol,1st owner,529000,"EMI ₹10,350/m"
2020,KIA,SELTOS,HTX 1.5 PETROL,"40,530 km",Petrol,1st owner,1136000,"EMI ₹21,623/m"
2018,Honda,City,1.5L I-VTEC V MT,"69,791 km",Petrol,1st owner,741000,"EMI ₹14,488/m"
2017,Maruti,Ciaz,ALPHA 1.4 PETROL,"67,160 km",Petrol,1st owner,661000,"EMI ₹12,923/m"
2023,Hyundai,Creta,SX (O) IVT 1.5 PETROL,"10,324 km",Petrol,1st owner,1570000,"EMI ₹29,884/m"
2021,Mahindra,XUV300,W8 (O) 1.2 PETROL,"32,102 km",Petrol,1st owner,1055000,"EMI ₹20,075/m"
2019,Hyundai,NEW,SANTRO SPORTZ AMT,"30,447 km",Petrol,1st owner,503000,"EMI ₹9,837/m"
2021,Tata,Harrier,XZ PLUS 2.0L,"43,251 km",Diesel,1st owner,1600000,"EMI ₹30,455/m"
2016,Honda,Jazz,1.2L I-VTEC V AT,"40,800 km",Petrol,1st owner,577000,"EMI ₹11,286/m"
2022,Mahindra,XUV700,AX 5 P MT 7 STR,"4,910 km",Petrol,1st owner,1581000,"EMI ₹30,093/m"
2021,Maruti,XL6,ZETA AT,"51,790 km",Petrol,2nd owner,984000,"EMI ₹18,730/m"
2020,Hyundai,NEW,I20 SPORTZ 1.2 AT,"58,691 km",Petrol,1st owner,755000,"EMI ₹14,756/m"
2013,Maruti,Swift,ZDI,"73,764 km",Diesel,1st owner,457000,"EMI ₹15,184/m"
2014,Hyundai,Grand,i10 ASTA 1.2 KAPPA VTVT,"45,659 km",Petrol,1st owner,423000,"EMI ₹9,409/m"
2022,Maruti,Baleno,ZETA PETROL 1.2,"26,006 km",Petrol,1st owner,777000,"EMI ₹15,190/m"
2018,Tata,Tiago,XZA PETROL,"88,033 km",Petrol,1st owner,465000,"EMI ₹9,091/m"
2015,Maruti,Swift,Dzire ZXI,"76,259 km",Petrol,1st owner,484000,"EMI ₹9,471/m"
2018,Maruti,Baleno,ZETA PETROL 1.2,"64,855 km",Petrol,1st owner,599000,"EMI ₹11,711/m"
2023,Maruti,XL6,ALPHA PLUS MT,"16,463 km",Petrol,1st owner,1270000,"EMI ₹24,173/m"
2017,Maruti,Ciaz,ALPHA 1.4 PETROL,"91,883 km",Petrol,1st owner,635000,"EMI ₹12,422/m"
2015,Maruti,Celerio,VXI,"45,388 km",Petrol,1st owner,351000,"EMI ₹6,862/m"
2018,Maruti,Swift,ZXI AMT,"72,465 km",Petrol,2nd owner,589000,"EMI ₹11,519/m"
2019,Maruti,S,PRESSO VXI PLUS AMT,"12,003 km",Petrol,1st owner,442000,"EMI ₹8,641/m"
2019,Hyundai,Elite,i20 SPORTZ PLUS 1.2,"44,130 km",Petrol,1st owner,629000,"EMI ₹12,300/m"
2022,Hyundai,VENUE,S (O) 1.0 TURBO IMT,"24,522 km",Petrol,1st owner,926000,"EMI ₹17,626/m"
2018,Mahindra,XUV500,W11,"60,114 km",Diesel,1st owner,1091000,"EMI ₹20,766/m"
2016,Tata,Tiago,XT PETROL,"93,753 km",Petrol,2nd owner,303000,"EMI ₹5,924/m"
2021,Hyundai,VENUE,SX PLUS 1.0 TURBO DCT,"56,203 km",Petrol,1st owner,1022000,"EMI ₹19,453/m"
2019,Volkswagen,Polo,HIGHLINE PLUS 1.0 16 ALLOY,"60,508 km",Petrol,2nd owner,550000,"EMI ₹10,753/m"
2017,Tata,Tiago,XZA PETROL,"68,738 km",Petrol,1st owner,399000,"EMI ₹7,801/m"
2013,Hyundai,Grand,i10 SPORTZ 1.2 KAPPA VTVT,"91,026 km",Petrol,2nd owner,317000,"EMI ₹8,348/m"
